{"prediction": [4.014581453055143, 4.1362390369176865, 4.156225368380547, 4.156225368380547, 4.156225368380547, 4.156225368380547, 4.23149286210537, 4.23149286210537, 4.23149286210537, 4.23149286210537, 4.23149286210537, 4.09607095643878, 4.23149286210537, 4.23149286210537, 4.23149286210537, 4.23149286210537, 4.23149286210537, 4.23149286210537, 4.23149286210537, 3.9363534338772297], "truth": [5.252100840336159, 5.621925509487004, 5.399719495091186, 5.399719495091186, 5.4736842105263355, 5.547752808988783, 5.325858444288742, 5.325858444288742, 5.031446540880533, 4.811715481171582, 4.8848569434752465, 4.81171548117157, 4.811715481171582, 4.7386759581881766, 4.7386759581881766, 4.520166898470112, 4.375000000000018, 4.302567661346306, 4.302567661346306, 4.520166898470112, 4.447533009034067, 4.375000000000018, 4.302567661346306, 4.085872576177309, 4.15800415800418, 4.15800415800418, 4.230235783633862, 4.230235783633862, 4.302567661346306, 4.230235783633862, 4.15800415800418, 4.230235783633862, 4.15800415800418, 4.15800415800418, 4.085872576177309, 3.941908713692986, 3.8700760193503956, 3.8700760193503956, 3.941908713692986, 4.013840830449852]}