{"prediction": [0.07348131388425827, 0.07348131388425827, 0.07348131388425827, 0.07348131388425827, 0.07348131388425827, 0.07348131388425827, 0.07348131388425827, 0.07348131388425827, 0.07348131388425827, 0.07348131388425827, 0.07348131388425827, 0.07348131388425827, 0.07348131388425827, 0.07348131388425827, 0.07348131388425827, 0.07348131388425827, 0.07348131388425827, 0.07348131388425827, 0.07348131388425827, 0.07348131388425827], "truth": [-0.0, 0.03966679888932174, -0.19786307874950815, -0.1583531274742783, -0.3162055335968452, -0.3949447077409359, -0.5128205128205229, -0.23734177215190772, -0.11881188118812332, -0.03963535473643109, 0.15885623510722457, 0.15885623510721045, 0.03966679888932174, 0.03966679888932174, 0.23847376788552752, 0.23847376788554167, 0.23847376788554167, 0.3182179793158246, 0.39808917197451377, 0.35813768404297597, 0.4380724810832315, 0.35813768404297597, 0.23847376788554167, 0.198649185538328, 0.11909487892019684, 0.07936507936507768, 0.11909487892019684, 0.11909487892019684, 0.03966679888932174, -0.03963535473641701, -0.07923930269413461, -0.03963535473641701, 0.03966679888932174, -0.0, -0.03963535473641701, -0.03963535473641701, -0.1583531274742783, -0.1583531274742783, -0.1583531274742783, -0.07923930269413461]}