{"prediction": [-0.4289791334722395, -0.43350392182583164, -0.4820193525210925, -0.5191559201612108, -0.5142620685783186, -0.4634930986485415, -0.3944574346369336, -0.35853956258324615, -0.35199151947563223, -0.3505286987328873, -0.4052389849366591, -0.406000762957774, -0.30252548525277234, -0.4693196925054508, -0.4809270041714626, -0.5749261447763274, -0.5760650312131474, -0.5686981194721739, -0.5725543300923164, -0.49849418543271895], "truth": [-0.9489051094890438, -0.9127418765972982, -1.1293260473588296, -1.057236602260296, -1.1293260473588296, -1.0211524434719224, -1.093294460641402, -1.093294460641402, -1.1293260473588296, -1.057236602260296, -0.9127418765972982, -0.9850419554906953, -0.8765522279035607, -0.8040935672514579, -0.7315288953913653, -0.9127418765972982, -0.8765522279035607, -0.8765522279035607, -0.8765522279035607, -0.8403361344537831, -0.8040935672514579, -0.8040935672514579, -0.9127418765972982, -1.093294460641402, -1.0211524434719224, -0.9489051094890438, -0.9127418765972982, -0.8040935672514579, -0.8403361344537831, -0.8403361344537831, -0.8403361344537831, -0.658857979502208, -0.658857979502208, -0.7315288953913653, -0.8403361344537831, -0.9127418765972982, -0.9850419554906953, -1.0211524434719224, -1.057236602260296, -0.9489051094890438]}