{"prediction": [1.185761719752918, 0.9172682252683444, 0.9133688229194377, 0.8226355466031237, 0.8881522769079311, 0.7570528219075641, 0.7533550162333995, 0.6099870342004579, 0.7549690213345457, 0.5647457954764832, 0.8782530165917706, 0.889469429908786, 0.9046805811813101, 0.868355616577901, 0.8289794453012291, 0.7843245014373679, 0.7584048701392021, 0.7672176740306895, 0.8602844039851334, 0.8880726691277232], "truth": [1.2875536480686571, 1.2875536480686571, 1.1789924973204553, 1.3600572655690808, 1.4326647564469914, 1.5417712441735225, 1.4326647564469914, 1.4326647564469914, 1.724137931034487, 1.833872707659103, 1.7606899029824057, 1.6146393972012711, 1.4690075241848677, 1.3963480128893788, 1.5053763440860175, 1.5053763440860175, 1.6146393972012711, 1.5781922525107521, 1.5781922525107521, 1.724137931034487, 1.5053763440860175, 1.5053763440860175, 1.5053763440860175, 1.4326647564469914, 1.4326647564469914, 1.3600572655690808, 1.3600572655690808, 1.3600572655690808, 1.4690075241848677, 1.4326647564469914, 1.4690075241848677, 1.5053763440860175, 1.5781922525107521, 1.5781922525107521, 1.5781922525107521, 1.5235705323534476, 1.4690075241848677, 1.5053763440860175, 1.5053763440860175, 1.5781922525107521]}