{"prediction": [0.22267524898052216, 0.22267524898052216, 0.22267524898052216, 0.22267524898052216, 0.22267524898052216, 0.22267524898052216, 0.22267524898052216, 0.22267524898052216, 0.22267524898052216, 0.22267524898052216, 0.22267524898052216, 0.22267524898052216, 0.22267524898052216, 0.22267524898052216, 0.22267524898052216, 0.22267524898052216, 0.22267524898052216, 0.22267524898052216, 0.22267524898052216, 0.22267524898052216], "truth": [1.010101010101011, 0.5025125628140708, 1.010101010101011, 0.5025125628140708, -0.0, -0.0, -0.0, -0.0, -0.0, -0.0, -0.0, 0.5025125628140708, -0.0, 0.5025125628140708, 1.010101010101011, -0.0, -0.0, 0.12515644555694352, 0.25062656641603476, 0.3764115432873306, 0.5025125628140708, 0.25062656641603476, -0.0, 0.5025125628140708, 1.010101010101011, 0.25062656641603476, -0.49751243781093474, -0.49751243781093474, -0.49751243781093474, -0.49751243781093474, -0.0, -0.0, -0.0, -0.990099009900991, -0.990099009900991, -0.990099009900991, -0.49751243781093474, -0.0, -0.49751243781093474, -0.0]}