{"prediction": [1.5149814371034154, 1.50727792231919, 1.65922582186613, 1.340318251037388, 1.3338710944371996, 1.3929058267749497, 1.3159948874235852, 1.307592208533606, 1.3061995898970054, 1.3425268962528207, 1.5073417613020865, 1.4741415353346383, 1.4513551127020037, 1.4723062258417485, 1.4430281486565946, 1.2671632419587695, 1.5511629098764388, 1.5094333925953833, 1.4921758576965658, 1.474236389316502], "truth": [1.7341040462427761, 2.028985507246372, 1.440922190201724, 1.734104046242763, 2.028985507246372, 2.028985507246372, 2.325581395348839, 2.028985507246372, 1.440922190201724, 1.440922190201724, 1.1494252873563229, 1.7341040462427761, 1.7341040462427761, 2.028985507246372, 2.325581395348839, 2.028985507246372, 1.7341040462427761, 1.7341040462427761, 1.7341040462427761, 1.440922190201724, 1.440922190201724, 1.7341040462427761, 2.028985507246372, 1.440922190201724, 1.1494252873563229, 1.440922190201724, 1.1494252873563229, 1.1494252873563229, 1.1494252873563229, 1.1494252873563229, 1.440922190201724, 1.440922190201724, 1.440922190201724, 1.440922190201724, 1.440922190201724, 1.1494252873563229, 1.440922190201724, 1.440922190201724, 1.440922190201724, 1.440922190201724]}