{"prediction": [1.2188543599149853, 1.1880987426084175, 1.2019825554707495, 1.136032127567887, 1.1401213720928354, 1.0507365282937826, 1.0539707584612188, 1.065651277800498, 1.0883388659203774, 1.0636519280014909, 1.0515018910737126, 0.9973166090858285, 0.9830619406493497, 1.0045283963627298, 1.0059342237727833, 1.001538411139336, 1.0302154113960569, 0.9944307922924054, 0.9999925034426269, 0.9410323589036125], "truth": [1.7383348581884677, 1.5989036089538504, 1.3673655423883189, 1.459854014598525, 1.459854014598525, 1.5061615700593258, 1.5061615700593258, 1.4135886912904638, 1.4135886912904638, 1.3673655423883189, 1.3211845102505657, 1.2750455373405918, 1.1828935395814286, 1.1368804001819008, 1.2135922330097209, 1.1368804001819008, 1.1368804001819008, 1.1368804001819008, 1.1828935395814286, 1.2289485662266708, 1.2750455373406082, 1.2289485662266708, 1.2750455373406082, 1.2289485662266708, 1.2289485662266708, 1.1368804001819008, 1.1368804001819008, 1.1368804001819008, 1.1368804001819008, 1.0909090909090837, 1.1368804001819008, 1.2289485662266708, 1.1368804001819008, 1.1828935395814286, 1.1368804001819008, 1.1368804001819008, 1.1368804001819008, 1.0909090909090837, 1.1368804001819008, 1.1368804001819008]}