{"prediction": [0.09404976014047861, 0.09404976014047861, 0.09404976014047861, 0.09404976014047861, 0.09404976014047861, 0.09404976014047861, 0.09404976014047861, 0.09404976014047861, 0.09404976014047861, 0.09404976014047861, 0.09404976014047861, 0.09404976014047861, 0.09404976014047861, 0.09404976014047861, 0.09404976014047861, 0.09404976014047861, 0.09404976014047861, 0.09404976014047861, 0.09404976014047861, 0.09404976014047861], "truth": [-0.0846740050804355, -0.0846740050804355, -0.0, -0.0, -0.0, -0.04235493434984935, 0.12728044123886778, 0.1697792869269973, 0.08481764206954565, 0.12728044123886778, 0.1697792869269973, 0.1697792869269973, 0.12728044123886778, 0.1697792869269973, 0.1697792869269973, 0.1697792869269973, 0.14144271570015754, 0.11312217194569492, 0.08481764206954565, 0.1697792869269973, 0.04239084357778479, 0.08481764206954565, 0.08481764206954565, 0.08481764206954565, 0.08481764206954565, 0.08481764206954565, -0.0, -0.0, -0.0, 0.010594342621042774, 0.02119093028184419, 0.031789763696085035, 0.04239084357778479, 0.06359974560102001, 0.08481764206954565, 0.08481764206954565, 0.08481764206954565, 0.08481764206954565, 0.08481764206954565, 0.1697792869269973]}