{"prediction": [17.064521790482104, 17.02844271156937, 17.022941232658923, 17.022941232658923, 16.91138445958495, 16.750161182135344, 16.794036015868187, 16.794036015868187, 16.794036015868187, 15.177037726156414, 15.177037726156414, 15.177037726156414, 14.883607457391918, 14.883607457391918, 14.831069321371615, 14.831069321371615, 14.831069321371615, 14.831069321371615, 14.831069321371615, 14.912232740782201], "truth": [17.578124999999996, 17.745376955903282, 17.411347517730498, 17.578124999999996, 17.494677075940384, 17.494677075940384, 17.24504249291785, 17.24504249291785, 17.079207920792072, 17.16206652512384, 17.16206652512384, 17.16206652512384, 17.16206652512384, 17.16206652512384, 17.16206652512384, 17.079207920792072, 17.079207920792072, 17.16206652512384, 17.079207920792072, 17.24504249291785, 17.328136073706595, 17.24504249291785, 17.16206652512384, 16.913841807909588, 16.996466431095403, 16.996466431095403, 17.079207920792072, 17.16206652512384, 17.079207920792072, 16.996466431095403, 16.996466431095403, 17.079207920792072, 16.996466431095403, 16.831333803810868, 16.748942172073342, 16.58450704225351, 16.420534458509135, 16.420534458509135, 16.338721011946586, 16.338721011946586]}