{"prediction": [7.802614651620388, 7.802614651620388, 7.802614651620388, 7.802614651620388, 7.802614651620388, 7.802614651620388, 7.802614651620388, 7.802614651620388, 7.802614651620388, 7.648838721215725, 7.648838721215725, 7.648838721215725, 7.648838721215725, 7.648838721215725, 7.648838721215725, 7.648838721215725, 7.648838721215725, 7.648838721215725, 7.648838721215725, 7.648838721215725], "truth": [9.148418491484202, 9.228147065984919, 9.068806224167279, 9.228147065984919, 8.98931000971818, 9.228147065984919, 8.672480620155053, 8.514755684566994, 8.200675349734693, 8.044315992292884, 8.044315992292898, 8.044315992292898, 8.12243914196193, 8.12243914196193, 8.200675349734693, 8.044315992292898, 8.044315992292898, 8.12243914196193, 8.12243914196193, 8.12243914196193, 7.888407888407904, 7.577937649880105, 7.577937649880105, 7.5005990893841465, 7.655387568994487, 7.810622446527281, 7.732949087415951, 7.810622446527281, 7.810622446527281, 7.810622446527281, 7.810622446527281, 7.810622446527281, 7.810622446527281, 7.810622446527281, 7.888407888407904, 7.810622446527281, 7.577937649880105, 7.577937649880105, 7.5005990893841465, 7.655387568994487]}