{"prediction": [11.767870838521048, 11.78211128222756, 11.789405354764313, 11.702374930027872, 11.702374930027872, 11.687084634322673, 11.701871261466295, 11.651200139895082, 11.651200139895082, 6.823541431687772, 6.823541431687772, 6.783660776913166, 6.833458490669727, 6.833458490669727, 6.833458490669727, 6.777646331349388, 6.777646331349388, 6.76998330024071, 6.76998330024071, 6.76998330024071], "truth": [11.875843454790827, 11.875843454790827, 11.762723289518037, 11.762723289518037, 11.875843454790827, 12.102772143340113, 11.98919284025667, 11.98919284025667, 11.875843454790827, 11.98919284025667, 11.98919284025667, 11.98919284025667, 11.98919284025667, 11.98919284025667, 11.98919284025667, 11.98919284025667, 12.102772143340113, 12.102772143340113, 12.102772143340113, 12.216582064297816, 12.102772143340113, 12.102772143340113, 11.98919284025667, 11.98919284025667, 11.875843454790827, 11.875843454790827, 11.98919284025667, 11.98919284025667, 11.98919284025667, 11.98919284025667, 11.875843454790827, 11.98919284025667, 11.98919284025667, 11.98919284025667, 11.875843454790827, 11.64983164983166, 11.64983164983166, 11.537167843928703, 11.537167843928703, 11.762723289518037]}