{"prediction": [2.3643821850419044, 2.4639675989747047, 2.4639675989747047, 2.4639675989747047, 2.4639675989747047, 2.4639675989747047, 2.4639675989747047, 2.4639675989747047, 2.4639675989747047, 2.4639675989747047, 2.4639675989747047, 2.4639675989747047, 2.4639675989747047, 2.4639675989747047, 2.4639675989747047, 2.4639675989747047, 2.4639675989747047, 2.4639675989747047, 2.4639675989747047, 2.4639675989747047], "truth": [3.4200743494423858, 3.037037037037038, 2.732644017725266, 2.656826568265678, 2.5811209439528, 2.8275734614673835, 2.656826568265678, 2.6189597934341604, 2.6189597934341604, 2.67577043735007, 2.732644017725266, 2.6947212993724636, 2.656826568265678, 2.656826568265678, 2.656826568265678, 2.6189597934341604, 2.6947212993724503, 2.7705947543405984, 2.7895806392019176, 2.9988893002591586, 2.884615384615389, 2.808573540280863, 2.846580406654342, 2.7705947543405984, 2.7705947543405984, 2.6947212993724636, 2.808573540280863, 2.6947212993724636, 2.6947212993724636, 2.5811209439528, 2.467771639042364, 2.543309988942135, 2.4300441826215162, 2.317028319235009, 2.317028319235009, 2.20426157237326, 1.9421033345547862, 1.7929015733626126, 1.867447821310881, 1.9421033345547862]}