{"prediction": [2.4921045312657952, 2.387293399311602, 2.387293399311602, 2.387293399311602, 2.2322819652035832, 2.2322819652035832, 2.2322819652035832, 2.2322819652035832, 2.2322819652035832, 2.2322819652035832, 2.3370930971577764, 2.3370930971577764, 2.3370930971577764, 2.3370930971577764, 2.3370930971577764, 2.3370930971577764, 2.3370930971577764, 2.3370930971577764, 2.3370930971577764, 2.3370930971577764], "truth": [3.5852713178294495, 3.7108901285471774, 3.162696846076242, 3.036144578313248, 2.714388662022569, 2.7143886620225515, 2.5665627248740366, 2.566562724874071, 2.4928092042186156, 2.2966507177033515, 2.2721836881128814, 2.052505966587076, 2.370122097198934, 2.4191616766467017, 2.468248262640789, 2.370122097198934, 2.566562724874071, 2.566562724874071, 2.4191616766467017, 2.5419664268585014, 2.5911708253358885, 2.4829834148212093, 2.5419664268585014, 2.5911708253358885, 2.517381922800281, 2.3946360153256707, 2.3946360153256707, 2.345619913834363, 2.1988527724665263, 1.9065776930409846, 2.1073368754104242, 2.2966507177033515, 2.321129456807846, 2.321129456807846, 2.247728359636532, 2.1988527724665263, 2.2477283596365147, 2.247728359636532, 2.2966507177033515, 2.4191616766467017]}