{"prediction": [2.021175024303375, 2.02159892450436, 2.02159892450436, 2.02159892450436, 2.0150489288789686, 2.0150489288789686, 2.0150489288789686, 2.01432200227282, 1.8933538893179502, 1.7096867006912362, 1.7157998946204316, 1.7665104624757078, 1.756645687011769, 1.756645687011769, 1.756645687011769, 1.798230105167022, 1.9162183805310633, 1.9111453384102788, 1.84741938879597, 1.9364444807579275], "truth": [3.130148270181211, 2.960526315789469, 2.6229508196721185, 2.6229508196721185, 2.2875816993463998, 2.4549918166939353, 2.371218315617327, 2.2875816993463998, 2.0374898125509375, 1.6233766233766176, 1.6233766233766176, 1.8714401952807196, 2.0374898125509375, 1.8714401952807196, 1.9543973941368096, 1.8714401952807196, 1.8714401952807196, 1.8714401952807196, 1.7886178861788524, 1.8714401952807196, 2.0374898125509375, 1.8714401952807196, 1.8714401952807196, 1.8714401952807196, 2.0374898125509375, 2.0374898125509375, 2.0374898125509375, 1.9543973941368096, 1.9543973941367803, 1.7886178861788524, 1.7886178861788524, 1.8714401952807196, 1.8714401952807196, 1.8714401952807196, 1.8714401952807196, 1.8714401952807196, 1.8714401952807196, 1.8714401952807196, 1.8714401952807196, 2.0374898125509375]}