{"prediction": [0.2772898394614458, 0.2772898394614458, 0.2772898394614458, 0.2772898394614458, 0.2772898394614458, 0.2772898394614458, 0.2772898394614458, 0.2772898394614458, 0.2772898394614458, 0.2772898394614458, 0.2772898394614458, 0.2772898394614458, 0.2772898394614458, 0.2772898394614458, 0.2772898394614458, 0.2772898394614458, 0.2772898394614458, 0.2772898394614458, 0.2772898394614458, 0.2772898394614458], "truth": [1.6241299303944383, 1.3888888888889006, 0.9216589861751161, 1.0380622837370226, 0.8055235903337202, 1.0380622837370226, 0.9216589861751161, 1.1547344110854463, 1.1547344110854463, 1.1547344110854463, 1.271676300578028, 1.271676300578028, 1.271676300578028, 1.271676300578028, 0.9216589861751161, 0.6896551724137783, 0.45871559633026543, 0.34364261168384147, 0.22883295194507522, 0.34364261168384147, 0.34364261168384147, 0.34364261168384147, 0.22883295194507522, -0.0, -0.0, -0.2277904328018175, -0.11402508551881171, -0.11402508551881171, -0.11402508551881171, -0.11402508551881171, -0.11402508551881171, -0.11402508551881171, -0.11402508551881171, -0.11402508551881171, -0.2277904328018175, -0.3412969283276378, -0.3412969283276378, -0.3412969283276378, -0.3412969283276378, -0.11402508551881171]}