{"prediction": [-1.442809608997777, -1.519336566241691, -1.5283700238505844, -1.519662164762849, -1.519662164762849, -1.519662164762849, -1.519662164762849, -1.519662164762849, -1.519662164762849, -1.519662164762849, -1.519662164762849, -1.519662164762849, -1.5170154416991863, -1.4772062668635044, -1.4772062668635044, -1.4772062668635044, -1.4552785748674069, -1.4552785748674069, -1.4552785748674069, -1.4552785748674069], "truth": [-2.417582417582405, -2.417582417582405, -2.7382256297918945, -2.7382256297918945, -2.7382256297918945, -2.8446389496717512, -3.1624863685932296, -3.2679738562091387, -3.2679738562091387, -2.8446389496717512, -2.631578947368404, -2.3102310231023, -2.2026431718061596, -2.3102310231023, -2.3102310231023, -2.3102310231023, -2.3102310231023, -2.3102310231023, -2.3102310231023, -2.3102310231023, -2.2026431718061596, -2.094818081587646, -2.094818081587646, -2.094818081587646, -2.094818081587646, -2.094818081587646, -1.986754966887414, -1.8784530386740321, -1.8784530386740321, -1.8784530386740321, -1.8784530386740321, -1.8784530386740321, -1.8784530386740321, -1.8784530386740321, -2.094818081587646, -2.094818081587646, -2.094818081587646, -2.2026431718061596, -2.094818081587646, -2.094818081587646]}