{"prediction": [-0.28394047915935516, -0.28394047915935516, -0.28394047915935516, -0.28394047915935516, -0.28394047915935516, -0.28394047915935516, -0.28394047915935516, -0.28394047915935516, -0.28394047915935516, -0.28394047915935516, -0.28394047915935516, -0.28394047915935516, -0.28394047915935516, -0.28394047915935516, -0.28394047915935516, -0.28394047915935516, -0.28394047915935516, -0.28394047915935516, -0.28394047915935516, -0.28394047915935516], "truth": [0.4172461752433847, 0.20818875780707397, 0.034638032559768335, 0.10398613518196735, 0.06930006930006782, 0.3474635163307778, 0.3707136237256805, 0.20818875780706161, 0.13869625520109427, 0.20818875780706161, 0.24297119055883473, 0.17343045438779298, 0.17343045438779298, 0.034638032559743716, -0.0, -0.13831258644537586, -0.2762430939226583, -0.17283097131006123, -0.17283097131006123, -0.0346140533056475, -0.0346140533056475, -0.06920415224913348, -0.2762430939226583, -0.4824259131633376, -0.4824259131633376, -0.4137931034482793, -0.2762430939226583, -0.20732550103663536, -0.2762430939226583, -0.37944118661607257, -0.4481213374698468, -0.5167068549776167, -0.5167068549776167, -0.5509641873278607, -0.6535947712418344, -0.721897559298731, -0.824175824175831, -0.9602194787380012, -0.9941720946177671, -0.9262435677530003]}