{"prediction": [0.6251864656805992, 0.6251864656805992, 0.6251864656805992, 0.6251864656805992, 0.6251864656805992, 0.6251864656805992, 0.6251864656805992, 0.6251864656805992, 0.6251864656805992, 0.6251864656805992, 0.6251864656805992, 0.6251864656805992, 0.6251864656805992, 0.6251864656805992, 0.6251864656805992, 0.6251864656805992, 0.6251864656805992, 0.6251864656805992, 0.6251864656805992, 0.6251864656805992], "truth": [0.7117437722419988, 0.5924170616113829, 0.41395623891188815, 0.6520450503853171, 0.5924170616113829, 0.6520450503853171, 0.5924170616113829, 0.6222222222222248, 0.6520450503853171, 0.5924170616113829, 0.5626295528575802, 0.532859680284191, 0.532859680284191, 0.532859680284191, 0.532859680284191, 0.532859680284191, 0.532859680284191, 0.5924170616113829, 0.6520450503853171, 0.7117437722419988, 0.6520450503853171, 0.6520450503853171, 0.532859680284191, 0.532859680284191, 0.532859680284191, 0.5924170616113829, 0.6520450503853171, 0.7117437722419988, 0.7117437722419988, 0.5924170616113829, 0.532859680284191, 0.532859680284191, 0.5924170616113829, 0.6520450503853171, 0.6520450503853171, 0.6520450503853171, 0.532859680284191, 0.47337278106507863, 0.532859680284191, 0.5924170616113829]}