{"prediction": [-0.1895904610864818, -0.1895904610864818, -0.1895904610864818, -0.1895904610864818, -0.1895904610864818, -0.1895904610864818, -0.1895904610864818, -0.1895904610864818, -0.1895904610864818, -0.1895904610864818, -0.1895904610864818, -0.1895904610864818, -0.1895904610864818, -0.1895904610864818, -0.1895904610864818, -0.1895904610864818, -0.1895904610864818, -0.1895904610864818, -0.1895904610864818, -0.1895904610864818], "truth": [-1.1857707509881346, -0.9900990099009866, -0.7936507936507944, -0.29910269192422095, -0.09990009990009777, 0.20040080160320214, 0.10010010010009797, 0.10010010010009797, -0.0, 0.10010010010009797, 0.3009027081243667, 0.20040080160320214, 0.10010010010009797, 0.20040080160320214, -0.0, -0.09990009990009777, -0.09990009990009777, -0.09990009990009777, -0.0, -0.0, -0.09990009990009777, -0.29910269192422095, -0.29910269192422095, -0.29910269192422095, -0.09990009990009777, -0.0, -0.09990009990009777, -0.09990009990009777, -0.09990009990009777, -0.09990009990009777, -0.09990009990009777, -0.0, -0.0, -0.29910269192422095, -0.29910269192422095, -0.29910269192422095, -0.3984063745019836, -0.3984063745019836, -0.29910269192422095, -0.09990009990009777]}