{"prediction": [0.8861854672431946, 0.7188007831573486, 0.7188007831573486, 0.7188007831573486, 0.7188007831573486, 0.7188007831573486, 0.7188007831573486, 0.7188007831573486, 0.7188007831573486, 0.7188007831573486, 0.7188007831573486, 0.7188007831573486, 0.7188007831573486, 0.7188007831573486, 0.7188007831573486, 0.7188007831573486, 0.7188007831573486, 0.7188007831573486, 0.7188007831573486, 0.7188007831573486], "truth": [1.1075949367088511, 1.4285714285714264, 1.509134233518676, 2.158273381294961, 2.158273381294961, 2.4859663191660024, 2.239999999999995, 2.239999999999995, 2.0766773162938845, 2.158273381294961, 1.9952114924181965, 1.8326693227091524, 1.6706443914081073, 1.6706443914081073, 1.3481363996827909, 1.267828843106182, 1.0276679841897154, 0.39277297721915894, -0.31201248049918573, 0.15673981191222236, 0.07830853563038205, -0.23419203747072104, -0.46728971962615834, -0.7763975155279613, -0.853374709076813, -0.9302325581395425, -0.6993006993006983, -0.46728971962615834, -0.46728971962615834, -0.5447470817120644, -0.5447470817120644, -0.46728971962615834, -0.46728971962615834, -0.5447470817120644, -0.5447470817120644, -0.46728971962615834, -0.5447470817120644, -0.6220839813374811, -0.5447470817120644, -0.389711613406085]}