{"prediction": [-1.6796262636780739, -1.6796262636780739, -1.6796262636780739, -1.6796262636780739, -1.6796262636780739, -1.6796262636780739, -1.6796262636780739, -1.6630435064435005, -1.6630435064435005, -1.6630435064435005, -1.6630435064435005, -1.6630435064435005, -1.6630435064435005, -1.6630435064435005, -1.6630435064435005, -1.6630435064435005, -1.6630435064435005, -1.6630435064435005, -1.6630435064435005, -1.6630435064435005], "truth": [-2.4865591397849527, -2.0256583389601786, -2.0183073229291986, -1.593760596812475, -1.9462089471550343, -2.135791366906485, -2.508398656215004, -2.8456645463675745, -2.584759986572709, -2.6734380988884574, -2.5520483546004082, -2.4865591397849527, -2.5520483546004082, -2.404573734656129, -2.2895622895622885, -2.256652071404519, -2.1907650825749987, -2.025658338960167, -1.99257007767646, -1.7603249830738323, -1.8931710615280553, -2.0752488611439244, -1.99257007767646, -2.025658338960167, -1.8931710615280553, -1.5269765863590068, -1.4601018675721553, -1.4935505770536364, -1.3596193065941609, -1.1916922029281627, -1.4400217361771719, -1.4601018675721553, -1.2925170068027179, -1.3260795647738883, -1.3931362555215772, -1.5603799185888767, -1.826792963464138, -1.826792963464138, -1.7032807509919639, -1.5603799185888767]}