{"prediction": [2.094263568520546, 2.094263568520546, 2.094263568520546, 2.094263568520546, 2.094263568520546, 2.094263568520546, 2.095865473151207, 2.095865473151207, 2.095865473151207, 2.095865473151207, 2.095865473151207, 2.095865473151207, 2.095865473151207, 2.095865473151207, 2.095865473151207, 2.095865473151207, 2.095865473151207, 2.095865473151207, 2.095865473151207, 2.095865473151207], "truth": [3.3546325878594243, 3.519999999999996, 3.727454909819638, 3.6858974358974286, 3.60288230584467, 3.7690457097032786, 3.7690457097032786, 3.561424569827934, 3.478608556577359, 3.313373253493007, 3.272146847565843, 3.189792663476877, 2.9844807003581377, 2.9025844930417515, 2.616970658207772, 2.739182215164739, 2.9025844930417515, 2.9025844930417515, 2.7799841143764863, 2.861685214626401, 2.739182215164739, 2.535657686212364, 2.3329379201265317, 2.2116903633491116, 2.292490118577068, 2.3329379201265317, 2.3329379201265317, 2.3329379201265317, 2.3329379201265317, 2.292490118577068, 2.1713383339913177, 2.1310181531175973, 2.0907297830374656, 2.0907297830374656, 1.9700551615445376, 1.8897637795275608, 1.8095987411486911, 1.849665486029118, 1.6895874263261286, 1.849665486029118]}