{"prediction": [-10.320503772629309, -10.347477249146323, -10.330396391669638, -10.334894375890144, -10.339118727264577, -10.362600051346817, -10.314533867043792, -10.342360421767808, -10.341140299788094, -8.562102615003823, -8.568197958622477, -8.565983321153908, -8.328967794543132, -8.33859180053696, -8.403437301851227, -8.380348393766326, -8.332289050376858, -8.366890441204305, -8.31567297076981, -8.400543281444698], "truth": [-10.422870756402622, -10.262529832935574, -10.502826539720324, -10.422870756402622, -10.582639714625452, -10.582639714625452, -10.715345799940653, -10.821227394011263, -10.874074074074079, -10.92685815812851, -11.032238982549552, -11.00591715976333, -10.953226761397246, -11.00591715976333, -10.953226761397246, -10.953226761397246, -11.00591715976333, -11.00591715976333, -11.00591715976331, -10.953226761397246, -10.847658565500899, -10.847658565500899, -10.92685815812851, -11.00591715976333, -11.032238982549552, -11.084835944428024, -11.084835944428024, -11.058545239503259, -11.058545239503259, -11.111111111111105, -11.137370753323495, -11.111111111111105, -11.137370753323495, -11.163614884819868, -11.242254352316325, -11.320754716981105, -11.346890657235488, -11.451280541654404, -11.477339611536195, -11.477339611536195]}