{"prediction": [4.720310493547004, 4.604415939422324, 4.65665391809307, 4.6091941418126225, 4.402752515627071, 4.288182573800441, 4.270660453068558, 4.205579473185935, 4.275435088973609, 4.138670619417098, 4.137999300801312, 4.2003799975063885, 4.201538756271475, 4.23307379068865, 4.167164253842202, 4.046444561055978, 4.045934566718643, 3.985635263612494, 3.9688343247398734, 3.770552103946102], "truth": [4.1110517885744775, 4.222340994120787, 3.8338658146964795, 4.1110517885744775, 3.8338658146964795, 4.0, 4.083266613290635, 4.305964161540498, 4.479211315902264, 4.931024361608482, 5.137487483632492, 5.177993527508096, 5.335814176820108, 5.59566787003611, 5.633802816901404, 5.69105691056911, 5.731990704879896, 5.46241211465658, 5.206366333962772, 5.2631578947368505, 5.121293800539079, 4.917679974174118, 4.5016077170418, 4.222340994120787, 4.250200481154781, 4.305964161540517, 4.278074866310164, 4.250200481154781, 4.278074866310164, 4.250200481154781, 4.138851802403196, 4.194496393267434, 4.055496264674502, 4.027740730861558, 4.027740730861558, 4.027740730861558, 3.8338658146964795, 3.695825578303644, 3.503184713375797, 3.640712197714582]}