{"prediction": [1.2029459988698363, 1.2029459988698363, 1.072347796522081, 1.072347796522081, 1.072347796522081, 1.072347796522081, 1.072347796522081, 1.072347796522081, 1.072347796522081, 1.072347796522081, 1.072347796522081, 1.072347796522081, 1.072347796522081, 1.072347796522081, 1.072347796522081, 1.072347796522081, 1.072347796522081, 1.072347796522081, 1.072347796522081, 1.072347796522081], "truth": [1.054481546572928, 0.7446342531756536, 0.5684302579798819, 0.39284155390659037, 0.6564551422319412, 0.9214567792891657, 0.832967996492772, 0.832967996492772, 0.7887817703768455, 0.832967996492772, 0.9657594381035947, 1.054481546572928, 1.1878574571051455, 1.1433597185576148, 1.054481546572928, 1.054481546572928, 1.054481546572928, 1.1878574571051455, 1.1878574571051455, 1.3215859030837036, 1.2769704975781555, 1.2323943661971881, 1.1433597185576148, 1.1878574571051455, 1.1433597185576148, 1.054481546572928, 0.9214567792891657, 1.0101010101009962, 1.1878574571051455, 0.9657594381035947, 1.0101010101009962, 1.1433597185576148, 1.1433597185576148, 1.098901098901099, 1.054481546572928, 1.0101010101009962, 0.9214567792891657, 0.9657594381035947, 0.8771929824561372, 1.0101010101009962]}