{"prediction": [0.27012787078274414, 0.6225947091006674, 0.11082540842471644, 0.17280046705855057, 0.5917453609290533, 0.7221814293297939, 0.663377846183721, 0.5452148933545686, 0.528936990594957, 0.5540645789296832, 0.5474085207970347, 0.47196561502642, 0.35338062077062204, 0.32241394027369097, -0.02093902340857312, 0.46580145886400715, 0.43992190071730874, 0.4611419877910521, 0.3451530221500434, -0.06838510761735961], "truth": [-0.0, 1.7751479289940846, 1.7751479289940846, 1.7751479289940846, 1.7751479289940846, 1.7751479289940846, 1.7751479289940846, 1.7751479289940846, 1.7751479289940846, 1.7751479289940846, -0.0, -0.0, -0.0, -0.0, 0.5847953216374274, 1.1764705882352953, 0.5847953216374274, 0.5847953216374274, 0.5847953216374274, -0.0, -0.0, 0.5847953216374274, -0.0, -0.0, 0.5847953216374274, 0.5847953216374274, 0.5847953216374274, 0.5847953216374274, 0.5847953216374274, 0.5847953216374274, 0.5847953216374274, 0.5847953216374274, 0.5847953216374274, 0.5847953216374274, -0.0, 0.5847953216374274, 0.5847953216374274, 0.5847953216374274, 0.5847953216374274, -0.0]}