{"prediction": [0.12395057213143446, 0.08027245014091022, -0.014158831880195066, -0.14492285685264505, -0.1379769578052219, -0.147114045714261, -0.19334336949395947, -0.10319007906946354, -0.08876004707417451, -0.12927880437928252, -0.05408424252527766, -0.15823855649796315, -0.21012385227368213, -0.1319134036602918, -0.07527110728551634, -0.2481723650416825, -0.28317149975919165, -0.35600856158998795, -0.23343057223246433, -0.206960018054815], "truth": [0.2087682672233776, 0.7345225603357848, 0.7345225603357848, 0.7345225603357848, 0.5235602094240726, 0.7345225603357848, 0.7345225603357848, 0.41841004184099523, 0.41841004184099523, 0.3134796238244447, 0.3134796238244447, 0.3134796238244447, 0.3134796238244447, 0.3134796238244447, 0.41841004184099523, 0.3134796238244447, 0.41841004184099523, 0.3134796238244447, 0.3134796238244447, 0.3134796238244447, 0.5235602094240726, 0.41841004184099523, 0.41841004184099523, 0.3134796238244447, -0.0, -0.0, 0.10427528675703636, -0.0, 0.10427528675703636, 0.10427528675703636, 0.10427528675703636, 0.10427528675703636, 0.10427528675703636, 0.10427528675703636, 0.2087682672233776, 0.10427528675703636, -0.10405827263267209, -0.2079002079002035, -0.0, 0.10427528675703636]}