{"prediction": [0.8937192186713219, 0.8937192186713219, 0.8937192186713219, 0.8937192186713219, 0.8937192186713219, 0.8937192186713219, 0.8937192186713219, 0.8937192186713219, 0.8937192186713219, 0.8937192186713219, 0.8937192186713219, 0.8937192186713219, 0.8937192186713219, 0.8937192186713219, 0.8937192186713219, 0.8937192186713219, 0.8937192186713219, 0.8937192186713219, 0.8937192186713219, 0.8937192186713219], "truth": [1.7975402081362266, 1.413760603204524, 1.413760603204524, 2.0388809862493993, 1.6532829475673123, 1.8457169900615131, 1.7013232514177667, 1.6532829475673123, 1.55733836715431, 1.55733836715431, 1.55733836715431, 1.413760603204524, 1.413760603204524, 1.3182674199623272, 1.2229539040451525, 1.1753643629525155, 1.2705882352941122, 1.2944222169922335, 1.3182674199623272, 1.461574728901459, 1.413760603204524, 1.3182674199623272, 1.1278195488721696, 1.0803193987787614, 1.0803193987787614, 1.1278195488721696, 1.032863849765253, 0.8907641819034117, 0.8434864104967118, 0.8907641819034117, 0.796252927400463, 0.8434864104967118, 0.796252927400463, 0.796252927400463, 0.7019185774450164, 0.7019185774450164, 0.6548175865294561, 0.5607476635513966, 0.5607476635513966, 0.6548175865294561]}