{"prediction": [27.103463548701257, 27.103463548701257, 27.103463548701257, 26.88165595009923, 26.88165595009923, 26.887586067430675, 26.887586067430675, 26.887586067430675, 26.887586067430675, 25.527605082839727, 25.527605082839727, 25.527605082839727, 25.50528868683614, 25.50528868683614, 25.50528868683614, 25.50528868683614, 25.548187162959948, 25.460594831500202, 25.460594831500202, 25.597962692845613], "truth": [28.100000000000016, 27.78054862842895, 27.62141967621422, 27.62141967621422, 27.462686567164205, 27.462686567164205, 27.30434782608696, 27.30434782608696, 27.14640198511167, 27.14640198511167, 27.14640198511167, 26.988847583643132, 26.988847583643132, 27.14640198511167, 27.14640198511167, 26.988847583643132, 27.30434782608696, 27.30434782608696, 27.14640198511167, 27.30434782608696, 27.30434782608696, 26.988847583643132, 26.988847583643132, 26.831683168316843, 26.988847583643132, 27.14640198511167, 26.988847583643132, 26.988847583643132, 26.988847583643132, 26.988847583643132, 26.831683168316843, 26.988847583643132, 26.831683168316843, 26.51851851851854, 26.206896551724164, 25.742331288343564, 25.89680589680593, 25.89680589680593, 26.051660516605168, 26.051660516605168]}