{"prediction": [11.83503107004799, 11.864533423213288, 11.861879680378479, 11.873794273240492, 11.888731677783653, 11.859027702827007, 11.821424829922762, 11.811309023210924, 11.750871025873494, 11.158912975562998, 11.193094089849183, 11.193094089849183, 11.183225545322784, 11.183225545322784, 11.183225545322784, 11.003895096237102, 10.969473705150449, 10.939380809188151, 10.939380809188151, 10.940280016035103], "truth": [11.666666666666671, 11.933174224343674, 11.933174224343674, 11.933174224343674, 11.933174224343674, 11.933174224343674, 11.933174224343674, 11.933174224343674, 11.666666666666671, 11.666666666666671, 11.933174224343674, 11.933174224343674, 11.933174224343674, 11.933174224343674, 11.933174224343674, 11.933174224343674, 11.933174224343674, 11.933174224343674, 11.933174224343674, 11.933174224343674, 11.933174224343674, 11.933174224343674, 11.933174224343674, 11.933174224343674, 11.933174224343674, 11.933174224343674, 11.933174224343674, 11.933174224343674, 11.933174224343674, 11.933174224343674, 11.933174224343674, 11.933174224343674, 11.933174224343674, 11.933174224343674, 11.933174224343674, 11.666666666666671, 11.401425178147278, 11.401425178147278, 11.401425178147278, 11.401425178147278]}